row_id,name,license_num,licensure_status,care_level,owner,number_of_floors,number_of_suites,size_of_suites,facilities,services,website,source,contact,phone,cell,fax,email,participation,ownership_type,number_of_beds,council_type,facility_type,branch_of,licensed_beds,secured_beds,ombudsman_phone,mail_co_company,mail_co_street_address,mail_co_po_box,mail_co_city,mail_co_province,mail_co_postal_code,license_type,maine_care_available,multilevel,handicap_accessible,class,dqa_region_category,license_level,ownership,contact_occupation,certification_types,provider_number,gender,initial_license,certification_fee_due,license_renewal_fee_due,licensee_name,licensee_phone,licensee_contact,licensee_street_address,licensee_city,licensee_province,licensee_postal_code,licensee_country,low_high_rate,type,specialty_programs,home_and_community_based_services,ceritifications,currently_occupied_as_of,currently_occupied_beds,alzeimers_special_care_unit_provided,street_address,po_box,city,province,postal_code,country
USA-LA-94-AssistedLiving-94-AssistedLiving-1,Beau Maison,2203783047,,,,,,,,,,http://www.lalaonline.org/members/?id=44555614,,,,,,,,,,,,,,,,,,,,,,,,,,,,,,,,,,,,,,,,,,,,,Assisted Living,,,,,,No,3520 Cleary Avenue,,Metairie,LA,70002,USA
USA-LA-94-AssistedLiving-94-AssistedLiving-2,Blake Management Group,,,,,,,,,,,http://www.lalaonline.org/members/?id=38308806,,,,,,,,,,,,,,,,,,,,,,,,,,,,,,,,,,,,,,,,,,,,,Assisted Living,,,,,,,,,,LA,,USA
USA-LA-94-AssistedLiving-94-AssistedLiving-3,Blue Cross Blue Shield Of Louisiana,,,,,,,,,,http://www.bcbsla.com/Pages/Home.aspx,http://www.lalaonline.org/members/?id=43489553,,,,,,,,,,,,,,,,,,,,,,,,,,,,,,,,,,,,,,,,,,,,,Assisted Living,,,,,,,5525 Reitz Avenue,,Baton Rouge,LA,70809,USA
USA-LA-94-AssistedLiving-94-AssistedLiving-4,Bloom Senior Living (Bloom at Bossier),,,,,,,,,,http://bloomatbossier.com,http://www.lalaonline.org/members/?id=33672177,,,,,,,,,,,,,,,,,,,,,,,,,,,,,,,,,,,,,,,,,,,,,Assisted Living,,,,,,,,,Bossier City,LA,71112,USA
USA-LA-94-AssistedLiving-94-AssistedLiving-5,"Barbara Reece, Executive Director, A & D Residential Care",,,,,,,,,,,http://www.lalaonline.org/members/?id=25706323,,,,,,,,,,,,,,,,,,,,,,,,,,,,,,,,,,,,,,,,,,,,,Assisted Living,,,,,,,,,New Orleans,LA,70114,USA
USA-LA-94-AssistedLiving-94-AssistedLiving-6,"Patti Guidry, Assistant Executive Director, Azalea Estates of Slidell - Robert",,,,,,,,,,http://azaleaestates.com/louisiana/,http://www.lalaonline.org/members/?id=25706334,,,,,,,,,,,,,,,,,,,,,,,,,,,,,,,,,,,,,,,,,,,,,Assisted Living,,,,,,,,,Slidell,LA,70458,USA
USA-LA-94-AssistedLiving-94-AssistedLiving-7,Azalea Estates of New Iberia - Andre,11640,,,,,,,,,http://azaleaestates.com/louisiana/,http://www.lalaonline.org/members/?id=25578758,,,,,,,,,,,,,,,,,,,,,,,,,,,,,,,,,,,,,,,,,,,,,Assisted Living,,,,,,,,,New Iberia,LA,70563,USA
USA-LA-94-AssistedLiving-94-AssistedLiving-8,Azalea Estates of Gonzales - Purpera,11644,,,,,,,,,http://azaleaestates.com/louisiana/,http://www.lalaonline.org/members/?id=25578755,,,,,,,,,,,,,,,,,,,,,,,,,,,,,,,,,,,,,,,,,,,,,Assisted Living,,,,,,,,,Gonzales,LA,70737,USA
USA-LA-94-AssistedLiving-94-AssistedLiving-9,Beau Provence,2203782086,,,,,,,,,http://beauprovence.com/,http://www.lalaonline.org/members/?id=29464971,,,,,,,,,,,,,,,,,,,,,,,,,,,,,,,,,,,,,,,,,,,,,Assisted Living,,,,,,Yes,,,Mandeville,LA,70471,USA
USA-LA-94-AssistedLiving-94-AssistedLiving-10,"Tasha McCullers, Executive Assistant, Azalea Estates of New Iberia - Andre",,,,,,,,,,http://azaleaestates.com/louisiana/,http://www.lalaonline.org/members/?id=28827158,,,,,,,,,,,,,,,,,,,,,,,,,,,,,,,,,,,,,,,,,,,,,Assisted Living,,,,,,,,,New Iberia,LA,70563,USA
USA-LA-94-AssistedLiving-94-AssistedLiving-11,Azalea Estates of Monroe - Old Sterlington,12913,,,,,,,,,http://azaleaestates.com/louisiana/,http://www.lalaonline.org/members/?id=25578756,,,,,,,,,,,,,,,,,,,,,,,,,,,,,,,,,,,,,,,,,,,,,Assisted Living,,,,,,No,,,Monroe,LA,71203,USA
USA-LA-94-AssistedLiving-94-AssistedLiving-12,"Scott Kantor, Director of Operations, Bloom Senior Living (Bloom at Bossier)",,,,,,,,,,http://bloomatbossier.com,http://www.lalaonline.org/members/?id=33672258,,,,,,,,,,,,,,,,,,,,,,,,,,,,,,,,,,,,,,,,,,,,,Assisted Living,,,,,,,,,Bossier City,LA,71112,USA
USA-LA-94-AssistedLiving-94-AssistedLiving-13,Azalea Estates of Shreveport,11639,,,,,,,,,http://azaleaestates.com/louisiana/,http://www.lalaonline.org/members/?id=25578759,,,,,,,,,,,,,,,,,,,,,,,,,,,,,,,,,,,,,,,,,,,,,Assisted Living,,,,,,No,,,Shreveport,LA,71115,USA
USA-LA-94-AssistedLiving-94-AssistedLiving-14,"Cecelia Rivere, Executive Assistant, Azalea Estates of Gonzales - Purpera",,,,,,,,,,http://azaleaestates.com/louisiana/,http://www.lalaonline.org/members/?id=28829937,,,,,,,,,,,,,,,,,,,,,,,,,,,,,,,,,,,,,,,,,,,,,Assisted Living,,,,,,,,,Gonzales,LA,70737,USA
USA-LA-94-AssistedLiving-94-AssistedLiving-15,"Auto-Chlor Services, LLC",,,,,,,,,,,http://www.lalaonline.org/members/?id=43468054,,,,,,,,,,,,,,,,,,,,,,,,,,,,,,,,,,,,,,,,,,,,,Assisted Living,,,,,,,500 Dakin St.,,Jefferson,LA,70121,USA
USA-LA-94-AssistedLiving-94-AssistedLiving-16,"Meaghan McDermott, Woldenberg Village Retirement Community",,,,,,,,,,http://www.touro.com/content/wv/assisted.htm,http://www.lalaonline.org/members/?id=25706400,,,,,,,,,,,,,,,,,,,,,,,,,,,,,,,,,,,,,,,,,,,,,Assisted Living,,,,,,,,,New Orleans,LA,70114,USA
USA-LA-94-AssistedLiving-94-AssistedLiving-17,Azalea Estates of Slidell - Robert,11643,,,,,,,,,http://azaleaestates.com/louisiana/,http://www.lalaonline.org/members/?id=25578760,,,,,,,,,,,,,,,,,,,,,,,,,,,,,,,,,,,,,,,,,,,,,Assisted Living,,,,,,,,,Slidell,LA,70458,USA
USA-LA-94-AssistedLiving-94-AssistedLiving-18,Vista Shores Assisted Living,AC0010701,,,,,,,,,http://www.vistashores.com/,http://www.lalaonline.org/members/?id=25578837,,,,,,,,,,,,,,,,,,,,,,,,,,,,,,,,,,,,,,,,,,,,,Assisted Living,,,,,,Yes,,,New Orleans,LA,70122,USA
USA-LA-94-AssistedLiving-94-AssistedLiving-19,Woldenberg Village Retirement Community,,,,,,,,,,http://www.touro.com/content/wv/assisted.htm,http://www.lalaonline.org/members/?id=25578817,,,,,,,,,,,,,,,,,,,,,,,,,,,,,,,,,,,,,,,,,,,,,Assisted Living,,,,,,,,,New Orleans,LA,70114,USA
USA-LA-94-AssistedLiving-94-AssistedLiving-20,Villa Maria Retirement Center,,,,,,,,,,,http://www.lalaonline.org/members/?id=42088900,,,,,,,,,,,,,,,,,,,,,,,,,,,,,,,,,,,,,,,,,,,,,Assisted Living,,,,,,,3905 Kingston Place,,Lake Charles,LA,70605,USA
USA-LA-94-AssistedLiving-94-AssistedLiving-21,"Carmel Fazzio, Bookkeeper, Villa Maria Retirement Center",,,,,,,,,,http://villamaria-web.org,http://www.lalaonline.org/members/?id=43380493,,,,,,,,,,,,,,,,,,,,,,,,,,,,,,,,,,,,,,,,,,,,,Assisted Living,,,,,,,,,Lake Charles,LA,70605,USA
USA-LA-94-AssistedLiving-94-AssistedLiving-22,Villa Maria Retirement Center,2197,,,,,,,,,http://villamaria-web.org,http://www.lalaonline.org/members/?id=25578834,,,,,,,,,,,,,,,,,,,,,,,,,,,,,,,,,,,,,,,,,,,,,Assisted Living,,,,,,No,,,Lake Charles,LA,70605,USA
USA-LA-94-AssistedLiving-94-AssistedLiving-23,The Trace Senior Community,4383,,,,,,,,,http://www.thetrace.com,http://www.lalaonline.org/members/?id=25706392,,,,,,,,,,,,,,,,,,,,,,,,,,,,,,,,,,,,,,,,,,,,,Assisted Living,,,,,,Yes,,,Covington,LA,,USA
USA-LA-94-AssistedLiving-94-AssistedLiving-24,"Judie Palmisano, The Trace Senior Community",,,,,,,,,,http://www.thetrace.com,http://www.lalaonline.org/members/?id=37788940,,,,,,,,,,,,,,,,,,,,,,,,,,,,,,,,,,,,,,,,,,,,,Assisted Living,,,,,,,,,Covington,LA,,USA
USA-LA-94-AssistedLiving-94-AssistedLiving-25,"Diane Moody, Business Office Manager, The Trace Senior Community",,,,,,,,,,http://www.thetrace.com,http://www.lalaonline.org/members/?id=37788921,,,,,,,,,,,,,,,,,,,,,,,,,,,,,,,,,,,,,,,,,,,,,Assisted Living,,,,,,, ,,Covington,LA,,USA
USA-LA-94-AssistedLiving-94-AssistedLiving-26,The Suites at Sugar Mill Point,9409,,,,,,,,,http://www.sugarmillpoint.net/,http://www.lalaonline.org/members/?id=25578828,,,,,,,,,,,,,,,,,,,,,,,,,,,,,,,,,,,,,,,,,,,,,Assisted Living,,,,,,,,,Houma,LA,70360,USA
USA-LA-94-AssistedLiving-94-AssistedLiving-27,"Debi Sunseri, The Trace Senior Community",,,,,,,,,,http://www.thetrace.com,http://www.lalaonline.org/members/?id=37788929,,,,,,,,,,,,,,,,,,,,,,,,,,,,,,,,,,,,,,,,,,,,,Assisted Living,,,,,,,,,Covington,LA,,USA
USA-LA-94-AssistedLiving-94-AssistedLiving-28,The Homestead Assisted Living,9918,,,,,,,,,,http://www.lalaonline.org/members/?id=25578825,,,,,,,,,,,,,,,,,,,,,,,,,,,,,,,,,,,,,,,,,,,,,Assisted Living,,,,,,,,,Houma,LA,70360,USA
USA-LA-94-AssistedLiving-94-AssistedLiving-29,The Haven at Windermere & The Haven II,6715,,,,,,,,,http://www.thehavenbr.com/,http://www.lalaonline.org/members/?id=25578824,,,,,,,,,,,,,,,,,,,,,,,,,,,,,,,,,,,,,,,,,,,,,Assisted Living,,,,,,,,,Baton Rouge,LA,70810,USA
USA-LA-94-AssistedLiving-94-AssistedLiving-30,"Tina Durham or Current Manager, The Pearl at Jamestown",,,,,,,,,,http://.www.phoenixseniorliving.com,http://www.lalaonline.org/members/?id=42293533,,,,,,,,,,,,,,,,,,,,,,,,,,,,,,,,,,,,,,,,,,,,,Assisted Living,,,,,,,14443 Perkins Rd,,Baton Rouge,LA,70810,USA
USA-LA-94-AssistedLiving-94-AssistedLiving-31,"Billie J. LaJaunie, The Homestead Assisted Living",,,,,,,,,,,http://www.lalaonline.org/members/?id=25706389,,,,,,,,,,,,,,,,,,,,,,,,,,,,,,,,,,,,,,,,,,,,,Assisted Living,,,,,,,,,Houma,LA,70360,USA
USA-LA-94-AssistedLiving-94-AssistedLiving-32,The Pearl at Jamestown,License#2203782982,,,,,,,,,http://.www.phoenixseniorliving.com,http://www.lalaonline.org/members/?id=41551260,,,,,,,,,,,,,,,,,,,,,,,,,,,,,,,,,,,,,,,,,,,,,Assisted Living,,,,,,Yes,14443 Perkins Rd,,Baton Rouge,LA,70810,USA
USA-LA-94-AssistedLiving-94-AssistedLiving-33,The Chateaus at Montclair,2203781600,,,,,,,,,,http://www.lalaonline.org/members/?id=25747166,,,,,,,,,,,,,,,,,,,,,,,,,,,,,,,,,,,,,,,,,,,,,Assisted Living,,,,,,,,,Shreveport,LA,71115,USA
USA-LA-94-AssistedLiving-94-AssistedLiving-34,"Brandy Lirette, Director of Wellness, The Claiborne at Thibodaux",,,,,,,,,,http://www.theClaiborne.com,http://www.lalaonline.org/members/?id=48749823,,,,,,,,,,,,,,,,,,,,,,,,,,,,,,,,,,,,,,,,,,,,,Assisted Living,,,,,,, ,,Thibodaux,LA,70301,USA
USA-LA-94-AssistedLiving-94-AssistedLiving-35,The Cottages at The Glen,13349,,,,,,,,,http://www.theglensystem.org/home/,http://www.lalaonline.org/members/?id=25578820,,,,,,,,,,,,,,,,,,,,,,,,,,,,,,,,,,,,,,,,,,,,,Assisted Living,,,,,,,,,Shreveport,LA,71115,USA
USA-LA-94-AssistedLiving-94-AssistedLiving-36,The Blake at Lafayette,,,,,,,,,,http://blakeliving.com/locations/lafayette/,http://www.lalaonline.org/members/?id=25578818,,,,,,,,,,,,,,,,,,,,,,,,,,,,,,,,,,,,,,,,,,,,,Assisted Living,,,,,,Yes,,,Lafayette,LA,70508,USA
USA-LA-94-AssistedLiving-94-AssistedLiving-37,The Blake at The Grove,2203783426,,,,,,,,,http://www.blakeliving.com/thegrove/home/,http://www.lalaonline.org/members/?id=43680741,,,,,,,,,,,,,,,,,,,,,,,,,,,,,,,,,,,,,,,,,,,,,Assisted Living,,,,,,Yes, ,,Baton Rouge,LA,70836,USA
USA-LA-94-AssistedLiving-94-AssistedLiving-38,The Arbor and Terrace of Ruston,2111,,,,,,,,,http://www.arborandterraceofruston.com/index.htm,http://www.lalaonline.org/members/?id=25578816,,,,,,,,,,,,,,,,,,,,,,,,,,,,,,,,,,,,,,,,,,,,,Assisted Living,,,,,,,,,Ruston,LA,71270,USA
USA-LA-94-AssistedLiving-94-AssistedLiving-39,The Claiborne at Thibodaux,,,,,,,,,,http://www.theClaiborne.com,http://www.lalaonline.org/members/?id=34026185,,,,,,,,,,,,,,,,,,,,,,,,,,,,,,,,,,,,,,,,,,,,,Assisted Living,,,,,,,,,Thibodaux,LA,70301,USA
USA-LA-94-AssistedLiving-94-AssistedLiving-40,The Stiles Apartments,2120,,,,,,,,,,http://www.lalaonline.org/members/?id=25578826,,,,,,,,,,,,,,,,,,,,,,,,,,,,,,,,,,,,,,,,,,,,,Assisted Living,,,,,,Yes,,,Shreveport,LA,71115,USA
USA-LA-94-AssistedLiving-94-AssistedLiving-41,Sunrise of Metairie,14242,,,,,,,,,,http://www.lalaonline.org/members/?id=25578814,,,,,,,,,,,,,,,,,,,,,,,,,,,,,,,,,,,,,,,,,,,,,Assisted Living,,,,,,,,,Metairie,LA,70002,USA
USA-LA-94-AssistedLiving-94-AssistedLiving-42,Sunrise at Siegen,14438,,,,,,,,,http://www.sunriseseniorliving.com/,http://www.lalaonline.org/members/?id=25578811,,,,,,,,,,,,,,,,,,,,,,,,,,,,,,,,,,,,,,,,,,,,,Assisted Living,,,,,,,,,Baton Rouge  LA,LA,70810,USA
USA-LA-94-AssistedLiving-94-AssistedLiving-43,"Ryan Rogers, Executive Director, Sunrise at Siegen",,,,,,,,,,http://www.sunriseseniorliving.com/,http://www.lalaonline.org/members/?id=25706380,,,,,,,,,,,,,,,,,,,,,,,,,,,,,,,,,,,,,,,,,,,,,Assisted Living,,,,,,,,,Baton Rouge  LA,LA,70810,USA
USA-LA-94-AssistedLiving-94-AssistedLiving-44,"Muriel Ryder, Executive Director, The Arbor and Terrace of Ruston",,,,,,,,,,http://www.arborandterraceofruston.com/index.htm,http://www.lalaonline.org/members/?id=25706383,,,,,,,,,,,,,,,,,,,,,,,,,,,,,,,,,,,,,,,,,,,,,Assisted Living,,,,,,,,,Ruston,LA,71270,USA
USA-LA-94-AssistedLiving-94-AssistedLiving-45,Sunrise of Baton Rouge,13392,,,,,,,,,,http://www.lalaonline.org/members/?id=25578812,,,,,,,,,,,,,,,,,,,,,,,,,,,,,,,,,,,,,,,,,,,,,Assisted Living,,,,,,Yes,,,Baton Rouge,LA,70809,USA
USA-LA-94-AssistedLiving-94-AssistedLiving-46,Sullivan Stolier,,,,,,,,,,,http://www.lalaonline.org/members/?id=43031779,,,,,,,,,,,,,,,,,,,,,,,,,,,,,,,,,,,,,,,,,,,,,Assisted Living,,,,,,, ,,New Orleans,LA,70112,USA
USA-LA-94-AssistedLiving-94-AssistedLiving-47,St. Joseph Manor,2224,,,,,,,,,http://www.stjosephmanor.org,http://www.lalaonline.org/members/?id=25578809,,,,,,,,,,,,,,,,,,,,,,,,,,,,,,,,,,,,,,,,,,,,,Assisted Living,,,,,,,,,Thibodaux,LA,70301,USA
USA-LA-94-AssistedLiving-94-AssistedLiving-48,Starvision Satellite Technology,,,,,,,,,,http://www.starvisionsat.com,http://www.lalaonline.org/members/?id=37751050,,,,,,,,,,,,,,,,,,,,,,,,,,,,,,,,,,,,,,,,,,,,,Assisted Living,,,,,,,13420 Hwy ,,Gulfport,LA,39503,USA
USA-LA-94-AssistedLiving-94-AssistedLiving-49,STAT Home Health,,,,,,,,,,,http://www.lalaonline.org/members/?id=44897481,,,,,,,,,,,,,,,,,,,,,,,,,,,,,,,,,,,,,,,,,,,,,Assisted Living,,,,,,,"8039 Line Avenue, suite ",,Shreveport,LA,71106,USA
USA-LA-94-AssistedLiving-94-AssistedLiving-50,St. James Place,4647,,,,,,,,,http://stjamesplace.org/,http://www.lalaonline.org/members/?id=25578807,,,,,,,,,,,,,,,,,,,,,,,,,,,,,,,,,,,,,,,,,,,,,Assisted Living,,,,,,,,,Baton Rouge,LA,70808,USA
USA-LA-94-AssistedLiving-94-AssistedLiving-51,St. Francis Villa,5391,,,,,,,,,,http://www.lalaonline.org/members/?id=25706375,,,,,,,,,,,,,,,,,,,,,,,,,,,,,,,,,,,,,,,,,,,,,Assisted Living,,,,,,,,,River Ridge,LA,70123,USA
USA-LA-94-AssistedLiving-94-AssistedLiving-52,StoneBridge Place,13429,,,,,,,,,,http://www.lalaonline.org/members/?id=25578810,,,,,,,,,,,,,,,,,,,,,,,,,,,,,,,,,,,,,,,,,,,,,Assisted Living,,,,,,Yes,,,Sulphur,LA,70663,USA
USA-LA-94-AssistedLiving-94-AssistedLiving-53,"Ann Thibodaux, Executive Director, St. Joseph Manor",,,,,,,,,,http://www.stjosephmanor.org,http://www.lalaonline.org/members/?id=25706378,,,,,,,,,,,,,,,,,,,,,,,,,,,,,,,,,,,,,,,,,,,,,Assisted Living,,,,,,,,,Thibodaux,LA,70301,USA
USA-LA-94-AssistedLiving-94-AssistedLiving-54,Southwind Senior Living Suites,14047,,,,,,,,,http://www.southwindsuites.org,http://www.lalaonline.org/members/?id=25706374,,,,,,,,,,,,,,,,,,,,,,,,,,,,,,,,,,,,,,,,,,,,,Assisted Living,,,,,,,,,Crowley,LA,,USA
USA-LA-94-AssistedLiving-94-AssistedLiving-55,"Ashley Spera, CNA Supervisor, Southside Gardens",,,,,,,,,,http://www.southsidegardens.com,http://www.lalaonline.org/members/?id=38831141,,,,,,,,,,,,,,,,,,,,,,,,,,,,,,,,,,,,,,,,,,,,,Assisted Living,,,,,,, ,,Baton Rouge,LA,70808,USA
USA-LA-94-AssistedLiving-94-AssistedLiving-56,Southside Gardens,AC 0010318,,,,,,,,,http://www.southsidegardens.com,http://www.lalaonline.org/members/?id=25578803,,,,,,,,,,,,,,,,,,,,,,,,,,,,,,,,,,,,,,,,,,,,,Assisted Living,,,,,,,,,Baton Rouge,LA,70808,USA
USA-LA-94-AssistedLiving-94-AssistedLiving-57,St. James Place,,,,,,,,,,,http://www.lalaonline.org/members/?id=38999105,,,,,,,,,,,,,,,,,,,,,,,,,,,,,,,,,,,,,,,,,,,,,Assisted Living,,,,,,,,,Baton Rouge,LA,70808,USA
USA-LA-94-AssistedLiving-94-AssistedLiving-58,Senior Living Management,,,,,,,,,,http://www.SLM.net,http://www.lalaonline.org/members/?id=38627664,,,,,,,,,,,,,,,,,,,,,,,,,,,,,,,,,,,,,,,,,,,,,Assisted Living,,,,,,,,,Bossier City,LA,71111,USA
USA-LA-94-AssistedLiving-94-AssistedLiving-59,"SkyPath Satellite Systems, Inc.",,,,,,,,,,http://www.skypathsystems.com/,http://www.lalaonline.org/members/?id=25580195,,,,,,,,,,,,,,,,,,,,,,,,,,,,,,,,,,,,,,,,,,,,,Assisted Living,,,,,,,,,Grapevine,LA,76051,USA
USA-LA-94-AssistedLiving-94-AssistedLiving-60,"Shyrell Parker, Director, Southside Gardens",,,,,,,,,,http://www.southsidegardens.com,http://www.lalaonline.org/members/?id=33818601,,,,,,,,,,,,,,,,,,,,,,,,,,,,,,,,,,,,,,,,,,,,,Assisted Living,,,,,,,,,Baton Rouge,LA,70808,USA
USA-LA-94-AssistedLiving-94-AssistedLiving-61,Schonberg And Associates,,,,,,,,,,,http://www.lalaonline.org/members/?id=41786662,,,,,,,,,,,,,,,,,,,,,,,,,,,,,,,,,,,,,,,,,,,,,Assisted Living,,,,,,,,,,LA,,USA
USA-LA-94-AssistedLiving-94-AssistedLiving-62,Southern Pines Retirement Community,5254,,,,,,,,,http://www.southernpineswalker.com/,http://www.lalaonline.org/members/?id=25578802,,,,,,,,,,,,,,,,,,,,,,,,,,,,,,,,,,,,,,,,,,,,,Assisted Living,,,,,,,,,Walker,LA,70785,USA
USA-LA-94-AssistedLiving-94-AssistedLiving-63,Schonberg And Associates,,,,,,,,,,http://schonbergandassoc.com/,http://www.lalaonline.org/members/?id=25706396,,,,,,,,,,,,,,,,,,,,,,,,,,,,,,,,,,,,,,,,,,,,,Assisted Living,,,,,,,,,Metairie,LA,70005,USA
USA-LA-94-AssistedLiving-94-AssistedLiving-64,Senior TV,,,,,,,,,,http://www.SeniorTV.com,http://www.lalaonline.org/members/?id=35413289,,,,,,,,,,,,,,,,,,,,,,,,,,,,,,,,,,,,,,,,,,,,,Assisted Living,,,,,,,,,Akron,LA,44310,USA
USA-LA-94-AssistedLiving-94-AssistedLiving-65,Savannah Grand of West Monroe,2203782253,,,,,,,,,http://www.SavannahGrandWestMonroe@slm.net,http://www.lalaonline.org/members/?id=33561237,,,,,,,,,,,,,,,,,,,,,,,,,,,,,,,,,,,,,,,,,,,,,Assisted Living,,,,,,Yes,,,West Monroe,LA,71291,USA
USA-LA-94-AssistedLiving-94-AssistedLiving-66,Schonberg and Associates,,,,,,,,,,,http://www.lalaonline.org/members/?id=44123216,,,,,,,,,,,,,,,,,,,,,,,,,,,,,,,,,,,,,,,,,,,,,Assisted Living,,,,,,,,,Metairie,LA,70005,USA
USA-LA-94-AssistedLiving-94-AssistedLiving-67,Savannah at The Oaks,AC 2110,,,,,,,,,http://www.oaksofla.com/Savannah,http://www.lalaonline.org/members/?id=25578799,,,,,,,,,,,,,,,,,,,,,,,,,,,,,,,,,,,,,,,,,,,,,Assisted Living,,,,,,,,,Shreveport,LA,71115,USA
USA-LA-94-AssistedLiving-94-AssistedLiving-68,Savannah Grand of Bossier City,2203782248,,,,,,,,,http://www.SavannahGrandBossierCity@slm.net,http://www.lalaonline.org/members/?id=33645665,,,,,,,,,,,,,,,,,,,,,,,,,,,,,,,,,,,,,,,,,,,,,Assisted Living,,,,,,Yes,,,Bossier City,LA,71111,USA
USA-LA-94-AssistedLiving-94-AssistedLiving-69,Savannah Court of Minden,2203782252,,,,,,,,,http://www.SavannahCourtMinden.com,http://www.lalaonline.org/members/?id=33732725,,,,,,,,,,,,,,,,,,,,,,,,,,,,,,,,,,,,,,,,,,,,,Assisted Living,,,,,,,,,Minden,LA,71055,USA
USA-LA-94-AssistedLiving-94-AssistedLiving-70,SAIA Health Solutions,,,,,,,,,,,http://www.lalaonline.org/members/?id=43072709,,,,,,,,,,,,,,,,,,,,,,,,,,,,,,,,,,,,,,,,,,,,,Assisted Living,,,,,,,"8146 One Calais Ave, Suite ",,Baton Rouge,LA,70809,USA
USA-LA-94-AssistedLiving-94-AssistedLiving-71,Rosewood Retirement & Assisted Living,5238,,,,,,,,,http://www.rosewoodretirement.com/,http://www.lalaonline.org/members/?id=25578798,,,,,,,,,,,,,,,,,,,,,,,,,,,,,,,,,,,,,,,,,,,,,Assisted Living,,,,,,,,,Lafayette,LA,70508,USA
USA-LA-94-AssistedLiving-94-AssistedLiving-72,Savannah Court of Bastrop,15543,,,,,,,,,http://www.SavannahCourtBastrop@slm.net,http://www.lalaonline.org/members/?id=33732769,,,,,,,,,,,,,,,,,,,,,,,,,,,,,,,,,,,,,,,,,,,,,Assisted Living,,,,,,Yes,,,Bastrop,LA,71220,USA
USA-LA-94-AssistedLiving-94-AssistedLiving-73,"Nicol Hannie, Rosewood Retirement & Assisted Living",,,,,,,,,,http://www.rosewoodretirement.com/,http://www.lalaonline.org/members/?id=25706369,,,,,,,,,,,,,,,,,,,,,,,,,,,,,,,,,,,,,,,,,,,,,Assisted Living,,,,,,,,,Lafayette,LA,70508,USA
USA-LA-94-AssistedLiving-94-AssistedLiving-74,"Risk Management Providers, Inc.",,,,,,,,,,,http://www.lalaonline.org/members/?id=25580194,,,,,,,,,,,,,,,,,,,,,,,,,,,,,,,,,,,,,,,,,,,,,Assisted Living,,,,,,,,,Atlanta,LA,30339,USA
USA-LA-94-AssistedLiving-94-AssistedLiving-75,Provident Resources Group,,,,,,,,,,http://ww.provident.org,http://www.lalaonline.org/members/?id=26961793,,,,,,,,,,,,,,,,,,,,,,,,,,,,,,,,,,,,,,,,,,,,,Assisted Living,,,,,,,,,Baton Rouge,LA,70808,USA
USA-LA-94-AssistedLiving-94-AssistedLiving-76,RehabCare,,,,,,,,,,http://www.rehabcare.com,http://www.lalaonline.org/members/?id=25914435,,,,,,,,,,,,,,,,,,,,,,,,,,,,,,,,,,,,,,,,,,,,,Assisted Living,,,,,,,,,Louisville,LA,40202,USA
USA-LA-94-AssistedLiving-94-AssistedLiving-77,Point Click Care,,,,,,,,,,,http://www.lalaonline.org/members/?id=49444752,,,,,,,,,,,,,,,,,,,,,,,,,,,,,,,,,,,,,,,,,,,,,Assisted Living,,,,,,,123 Arbor Place,,Bossier City,LA,71111,USA
USA-LA-94-AssistedLiving-94-AssistedLiving-78,Peristyle Richland House,,,,,,,,,,http://www.peristyleresidences.com/,http://www.lalaonline.org/members/?id=35360424,,,,,,,,,,,,,,,,,,,,,,,,,,,,,,,,,,,,,,,,,,,,,Assisted Living,,,,,,,,,Metairie,LA,70003,USA
USA-LA-94-AssistedLiving-94-AssistedLiving-79,River Forest Home,,,,,,,,,,,http://www.lalaonline.org/members/?id=50149533,,,,,,,,,,,,,,,,,,,,,,,,,,,,,,,,,,,,,,,,,,,,,Assisted Living,,,,,,,145 Terra Bella Blvd.,,Covington,LA,70433,USA
USA-LA-94-AssistedLiving-94-AssistedLiving-80,Reinhart Food Service,,,,,,,,,,,http://www.lalaonline.org/members/?id=25580193,,,,,,,,,,,,,,,,,,,,,,,,,,,,,,,,,,,,,,,,,,,,,Assisted Living,,,,,,,,,Harahan,LA,70123,USA
USA-LA-94-AssistedLiving-94-AssistedLiving-81,Peristyle Metairie Heights,2203781951,,,,,,,,,http://peristyleresidences.com,http://www.lalaonline.org/members/?id=25847167,,,,,,,,,,,,,,,,,,,,,,,,,,,,,,,,,,,,,,,,,,,,,Assisted Living,,,,,,Yes,,,Metairie,LA,70002,USA
USA-LA-94-AssistedLiving-94-AssistedLiving-82,Poydras Home,2203781741,,,,,,,,,http://www.poydrashome.com,http://www.lalaonline.org/members/?id=25578797,,,,,,,,,,,,,,,,,,,,,,,,,,,,,,,,,,,,,,,,,,,,,Assisted Living,,,,,,Yes,,,New Orleans,LA,70115,USA
USA-LA-94-AssistedLiving-94-AssistedLiving-83,Peristyle - Henican House,2203781272,,,,,,,,,http://www.peristyleresidences.com/,http://www.lalaonline.org/members/?id=35360434,,,,,,,,,,,,,,,,,,,,,,,,,,,,,,,,,,,,,,,,,,,,,Assisted Living,,,,,,,,,New Orleans,LA,70119,USA
USA-LA-94-AssistedLiving-94-AssistedLiving-84,Peristyle - Lakeview,2122,,,,,,,,,http://www.peristyleresidences.com/,http://www.lalaonline.org/members/?id=35360445,,,,,,,,,,,,,,,,,,,,,,,,,,,,,,,,,,,,,,,,,,,,,Assisted Living,,,,,,,,,New Orleans,LA,70124,USA
USA-LA-94-AssistedLiving-94-AssistedLiving-85,Peristyle Lake Louise,2203782607,,,,,,,,,,http://www.lalaonline.org/members/?id=48965274,,,,,,,,,,,,,,,,,,,,,,,,,,,,,,,,,,,,,,,,,,,,,Assisted Living,,,,,,,4613 Lake Louise Avenue,,Metairie,LA,70006,USA
USA-LA-94-AssistedLiving-94-AssistedLiving-86,Peristyle Honeysuckle House,2203781140,,,,,,,,,http://www.peristyleresidences.com,http://www.lalaonline.org/members/?id=33730620,,,,,,,,,,,,,,,,,,,,,,,,,,,,,,,,,,,,,,,,,,,,,Assisted Living,,,,,,Yes,,,New Orleans,LA,70119,USA
USA-LA-94-AssistedLiving-94-AssistedLiving-87,Passages Hospice,,,,,,,,,,http://www.passages-hospice.com/,http://www.lalaonline.org/members/?id=39720511,,,,,,,,,,,,,,,,,,,,,,,,,,,,,,,,,,,,,,,,,,,,,Assisted Living,,,,,,,617 Dublin street,,New Orleans,LA,70118,USA
USA-LA-94-AssistedLiving-94-AssistedLiving-88,Our House for Respite - Plaquemine,14316,,,,,,,,,,http://www.lalaonline.org/members/?id=25706366,,,,,,,,,,,,,,,,,,,,,,,,,,,,,,,,,,,,,,,,,,,,,Assisted Living,,,,,,,,,Plaquemine,LA,70764,USA
USA-LA-94-AssistedLiving-94-AssistedLiving-89,"Audrey Baker, Business Development, Park Provence Assisted Living & Memory Care",,,,,,,,,,http://www.parkprovence.com/,http://www.lalaonline.org/members/?id=25706336,,,,,,,,,,,,,,,,,,,,,,,,,,,,,,,,,,,,,,,,,,,,,Assisted Living,,,,,,,,,Slidell,LA,70458,USA
USA-LA-94-AssistedLiving-94-AssistedLiving-90,Our House for Respite - Baton Rouge,2123,,,,,,,,,,http://www.lalaonline.org/members/?id=25578795,,,,,,,,,,,,,,,,,,,,,,,,,,,,,,,,,,,,,,,,,,,,,Assisted Living,,,,,,,,,Baton Rouge,LA,70809,USA
USA-LA-94-AssistedLiving-94-AssistedLiving-91,Park Provence Assisted Living & Memory Care,7472,,,,,,,,,http://www.parkprovence.com/,http://www.lalaonline.org/members/?id=25578762,,,,,,,,,,,,,,,,,,,,,,,,,,,,,,,,,,,,,,,,,,,,,Assisted Living,,,,,,Yes,,,Slidell,LA,70458,USA
USA-LA-94-AssistedLiving-94-AssistedLiving-92,Oceans Behavioral Hospital,,,,,,,,,,,http://www.lalaonline.org/members/?id=30350488,,,,,,,,,,,,,,,,,,,,,,,,,,,,,,,,,,,,,,,,,,,,,Assisted Living,,,,,,,,,Plano,LA,75024,USA
USA-LA-94-AssistedLiving-94-AssistedLiving-93,Oakwood Village Assisted Living,5775,,,,,,,,,http://www.Oakwood-Living.com,http://www.lalaonline.org/members/?id=25578794,,,,,,,,,,,,,,,,,,,,,,,,,,,,,,,,,,,,,,,,,,,,,Assisted Living,,,,,,Yes,,,Zachary,LA,70791,USA
USA-LA-94-AssistedLiving-94-AssistedLiving-94,"Omnicare, A CVS Health Co.",,,,,,,,,,,http://www.lalaonline.org/members/?id=25580192,,,,,,,,,,,,,,,,,,,,,,,,,,,,,,,,,,,,,,,,,,,,,Assisted Living,,,,,,,,,Jefferson,LA,70123,USA
USA-LA-94-AssistedLiving-94-AssistedLiving-95,OakMont Estate Assisted Living,7916,,,,,,,,,http://oakmontassistedliving.com/aboutoakmont.html,http://www.lalaonline.org/members/?id=25578793,,,,,,,,,,,,,,,,,,,,,,,,,,,,,,,,,,,,,,,,,,,,,Assisted Living,,,,,,,,,Mansura,LA,71350,USA
USA-LA-94-AssistedLiving-94-AssistedLiving-96,"Melissa Loughman, Executive Director, OakMont Estate Assisted Living",,,,,,,,,,http://oakmontassistedliving.com/aboutoakmont.html,http://www.lalaonline.org/members/?id=25706362,,,,,,,,,,,,,,,,,,,,,,,,,,,,,,,,,,,,,,,,,,,,,Assisted Living,,,,,,,,,Mansura,LA,71350,USA
USA-LA-94-AssistedLiving-94-AssistedLiving-97,"Nexion Health at Maison Jardin, Inc.",2203782492,,,,,,,,,http://www.maisonjardinslc.com/,http://www.lalaonline.org/members/?id=25578790,,,,,,,,,,,,,,,,,,,,,,,,,,,,,,,,,,,,,,,,,,,,,Assisted Living,,,,,,No,,,Morgan City,LA,70380,USA
USA-LA-94-AssistedLiving-94-AssistedLiving-98,"CFO Jessica Gaspard, CFO, OakMont Estate Assisted Living",,,,,,,,,,http://oakmontassistedliving.com/aboutoakmont.html,http://www.lalaonline.org/members/?id=38831137,,,,,,,,,,,,,,,,,,,,,,,,,,,,,,,,,,,,,,,,,,,,,Assisted Living,,,,,,,,,Mansura,LA,71350,USA
USA-LA-94-AssistedLiving-94-AssistedLiving-99,Montclair Park Assisted Living,,,,,,,,,,http://Montclair Park Assisted Living,http://www.lalaonline.org/members/?id=25747900,,,,,,,,,,,,,,,,,,,,,,,,,,,,,,,,,,,,,,,,,,,,,Assisted Living,,,,,,,,,Shreveport,LA,71115,USA
USA-LA-94-AssistedLiving-94-AssistedLiving-100,"MV Health, LLC",,,,,,,,,,http://www.mv-health.com,http://www.lalaonline.org/members/?id=45813913,,,,,,,,,,,,,,,,,,,,,,,,,,,,,,,,,,,,,,,,,,,,,Assisted Living,,,,,,, ,,Pineville,LA,71361,USA
USA-LA-94-AssistedLiving-94-AssistedLiving-101,"Melanie Bond, Montclair Park Assisted Living",,,,,,,,,,http://Montclair Park Assisted Living,http://www.lalaonline.org/members/?id=39378538,,,,,,,,,,,,,,,,,,,,,,,,,,,,,,,,,,,,,,,,,,,,,Assisted Living,,,,,,,,,Shreveport,LA,71115,USA
USA-LA-94-AssistedLiving-94-AssistedLiving-102,Montclair Park Assisted Living,7232,,,,,,,,,http://Montclair Park Assisted Living,http://www.lalaonline.org/members/?id=25578791,,,,,,,,,,,,,,,,,,,,,,,,,,,,,,,,,,,,,,,,,,,,,Assisted Living,,,,,,Yes,,,Shreveport,LA,71115,USA
USA-LA-94-AssistedLiving-94-AssistedLiving-103,Medicine-On-Time,,,,,,,,,,,http://www.lalaonline.org/members/?id=25580190,,,,,,,,,,,,,,,,,,,,,,,,,,,,,,,,,,,,,,,,,,,,,Assisted Living,,,,,,, ,,Thonotosassa,LA,33592,USA
USA-LA-94-AssistedLiving-94-AssistedLiving-104,Marketing with Care,,,,,,,,,,http://www.marketingwithcare.com/,http://www.lalaonline.org/members/?id=25647041,,,,,,,,,,,,,,,,,,,,,,,,,,,,,,,,,,,,,,,,,,,,,Assisted Living,,,,,,,,,Seal Beach,LA,90740,USA
USA-LA-94-AssistedLiving-94-AssistedLiving-105,McKesson Medical - Surgical,,,,,,,,,,https://mms.mckesson.com/,http://www.lalaonline.org/members/?id=41090291,,,,,,,,,,,,,,,,,,,,,,,,,,,,,,,,,,,,,,,,,,,,,Assisted Living,,,,,,, ,,"Pinson, AL",LA,,USA
USA-LA-94-AssistedLiving-94-AssistedLiving-106,Maison de Fleur Assisted Living,2203783054,,,,,,,,,,http://www.lalaonline.org/members/?id=37751348,,,,,,,,,,,,,,,,,,,,,,,,,,,,,,,,,,,,,,,,,,,,,Assisted Living,,,,,,No,559 Rushing Rd.,,Denham Springs,LA,70726,USA
USA-LA-94-AssistedLiving-94-AssistedLiving-107,Magnolia Assisted Living,14875,,,,,,,,,,http://www.lalaonline.org/members/?id=25578788,,,,,,,,,,,,,,,,,,,,,,,,,,,,,,,,,,,,,,,,,,,,,Assisted Living,,,,,,,,,Gonzales,LA,70737,USA
USA-LA-94-AssistedLiving-94-AssistedLiving-108,"Donna Chauvin, Resident Care Coordinator, Maison de Fleur Assisted Living",,,,,,,,,,,http://www.lalaonline.org/members/?id=43901327,,,,,,,,,,,,,,,,,,,,,,,,,,,,,,,,,,,,,,,,,,,,,Assisted Living,,,,,,,559 Rushing Rd.,,Denham Springs,LA,70726,USA
USA-LA-94-AssistedLiving-94-AssistedLiving-109,Maison de Fleur,,,,,,,,,,,http://www.lalaonline.org/members/?id=44020537,,,,,,,,,,,,,,,,,,,,,,,,,,,,,,,,,,,,,,,,,,,,,Assisted Living,,,,,,,,,United States,LA,,USA
USA-LA-94-AssistedLiving-94-AssistedLiving-110,Live Oak Village of Hammond,53,,,,,,,,,http://www.hammondseniorliving.com/,http://www.lalaonline.org/members/?id=25578783,,,,,,,,,,,,,,,,,,,,,,,,,,,,,,,,,,,,,,,,,,,,,Assisted Living,,,,,,Yes,,,Hammond,LA,70403,USA
USA-LA-94-AssistedLiving-94-AssistedLiving-111,LaPlantation Retirement Community,6024,,,,,,,,,http://www.laplantationds.com/,http://www.lalaonline.org/members/?id=25578787,,,,,,,,,,,,,,,,,,,,,,,,,,,,,,,,,,,,,,,,,,,,,Assisted Living,,,,,,Yes,,,Denham Springs,LA,70726,USA
USA-LA-94-AssistedLiving-94-AssistedLiving-112,Live Oak Village of Slidell,2203782189,,,,,,,,,http://www.slidellseniorliving.com,http://www.lalaonline.org/members/?id=25578801,,,,,,,,,,,,,,,,,,,,,,,,,,,,,,,,,,,,,,,,,,,,,Assisted Living,,,,,,Yes,,,Slidell,LA,70461,USA
USA-LA-94-AssistedLiving-94-AssistedLiving-113,Lambeth House,10565,,,,,,,,,http://www.lambethhouse.com,http://www.lalaonline.org/members/?id=25578786,,,,,,,,,,,,,,,,,,,,,,,,,,,,,,,,,,,,,,,,,,,,,Assisted Living,,,,,,,,,New Orleans,LA,70118,USA
USA-LA-94-AssistedLiving-94-AssistedLiving-114,"Lighthouse Med Pass, LLC",,,,,,,,,,,http://www.lalaonline.org/members/?id=39701561,,,,,,,,,,,,,,,,,,,,,,,,,,,,,,,,,,,,,,,,,,,,,Assisted Living,,,,,,, ,,Abita Springs,LA,70420,USA
USA-LA-94-AssistedLiving-94-AssistedLiving-115,Lambeth House,,,,,,,,,,http://www.lambethhouse.com,http://www.lalaonline.org/members/?id=29138052,,,,,,,,,,,,,,,,,,,,,,,,,,,,,,,,,,,,,,,,,,,,,Assisted Living,,,,,,,,,New Orleans,LA,70118,USA
USA-LA-94-AssistedLiving-94-AssistedLiving-116,"Jere Hales, COO, Lambeth House",,,,,,,,,,http://www.lambethhouse.com,http://www.lalaonline.org/members/?id=32371911,,,,,,,,,,,,,,,,,,,,,,,,,,,,,,,,,,,,,,,,,,,,,Assisted Living,,,,,,,,,New Orleans,LA,70118,USA
USA-LA-94-AssistedLiving-94-AssistedLiving-117,LaCour House,2203782343,,,,,,,,,http://www.laCourHouse.com,http://www.lalaonline.org/members/?id=39629679,,,,,,,,,,,,,,,,,,,,,,,,,,,,,,,,,,,,,,,,,,,,,Assisted Living,,,,,,Yes,345 Major Parkway,,New Roads,LA,70760,USA
USA-LA-94-AssistedLiving-94-AssistedLiving-118,Lancaster Pollard and Company,,,,,,,,,,http://www.lancasterpollard.com,http://www.lalaonline.org/members/?id=25580187,,,,,,,,,,,,,,,,,,,,,,,,,,,,,,,,,,,,,,,,,,,,,Assisted Living,,,,,,, ,,Austin,LA,78746,USA
USA-LA-94-AssistedLiving-94-AssistedLiving-119,Kindred At Home,,,,,,,,,,,http://www.lalaonline.org/members/?id=28569321,,,,,,,,,,,,,,,,,,,,,,,,,,,,,,,,,,,,,,,,,,,,,Assisted Living,,,,,,,,,Baton Rouge,LA,70809,USA
USA-LA-94-AssistedLiving-94-AssistedLiving-120,LALA - creating the future of senior living,,,,,,,,,,http://www.lalaonline.org,http://www.lalaonline.org/members/?id=37486547,,,,,,,,,,,,,,,,,,,,,,,,,,,,,,,,,,,,,,,,,,,,,Assisted Living,,,,,,, ,,New Iberia,LA,70562,USA
USA-LA-94-AssistedLiving-94-AssistedLiving-121,Heart Of Hospice,,,,,,,,,,http://www.heartofhospice.net,http://www.lalaonline.org/members/?id=37946684,,,,,,,,,,,,,,,,,,,,,,,,,,,,,,,,,,,,,,,,,,,,,Assisted Living,,,,,,,134 Columbus Dr,,Charleston,LA,29403,USA
USA-LA-94-AssistedLiving-94-AssistedLiving-122,Inspired Living Kenner,,,,,,,,,,,http://www.lalaonline.org/members/?id=42106951,,,,,,,,,,,,,,,,,,,,,,,,,,,,,,,,,,,,,,,,,,,,,Assisted Living,,,,,,Yes,3801 Loyola Drive,,Kenner,LA,70065,USA
USA-LA-94-AssistedLiving-94-AssistedLiving-123,"Healthcare Pharmacy, LLC",,,,,,,,,,http://healthcare-pharm.com/,http://www.lalaonline.org/members/?id=41091156,,,,,,,,,,,,,,,,,,,,,,,,,,,,,,,,,,,,,,,,,,,,,Assisted Living,,,,,,,8720 Quimper Pl. Ste. ,,Shreveport,LA,71105,USA
USA-LA-94-AssistedLiving-94-AssistedLiving-124,"GOLDEN GATE NURSING SERVICES, LLC",,,,,,,,,,,http://www.lalaonline.org/members/?id=29652861,,,,,,,,,,,,,,,,,,,,,,,,,,,,,,,,,,,,,,,,,,,,,Assisted Living,,,,,,,,,"Shreveport, Louisiana",LA,71105,USA
USA-LA-94-AssistedLiving-94-AssistedLiving-125,HeartLegacy,,,,,,,,,,,http://www.lalaonline.org/members/?id=44076364,,,,,,,,,,,,,,,,,,,,,,,,,,,,,,,,,,,,,,,,,,,,,Assisted Living,,,,,,,"9037 Independence Ave., STE C",,Daphne,LA,36526,USA
USA-LA-94-AssistedLiving-94-AssistedLiving-126,"Courtney Dartez, Life Enrichment Coordinator, Garden View at New Iberia",,,,,,,,,,http://www.gardenview.org/index.html,http://www.lalaonline.org/members/?id=38852391,,,,,,,,,,,,,,,,,,,,,,,,,,,,,,,,,,,,,,,,,,,,,Assisted Living,,,,,,, ,,New Iberia,LA,70560,USA
USA-LA-94-AssistedLiving-94-AssistedLiving-127,Garden View at New Iberia,8878,,,,,,,,,http://www.gardenview.org/index.html,http://www.lalaonline.org/members/?id=25578782,,,,,,,,,,,,,,,,,,,,,,,,,,,,,,,,,,,,,,,,,,,,,Assisted Living,,,,,,,,,New Iberia,LA,70560,USA
USA-LA-94-AssistedLiving-94-AssistedLiving-128,Garden View Lafayette,9625,,,,,,,,,http://www.gardenview.org,http://www.lalaonline.org/members/?id=25706353,,,,,,,,,,,,,,,,,,,,,,,,,,,,,,,,,,,,,,,,,,,,,Assisted Living,,,,,,Yes,,,Lafayette,LA,,USA
USA-LA-94-AssistedLiving-94-AssistedLiving-129,EF Research LLC,,,,,,,,,,,http://www.lalaonline.org/members/?id=25580181,,,,,,,,,,,,,,,,,,,,,,,,,,,,,,,,,,,,,,,,,,,,,Assisted Living,,,,,,,,,Baton Rouge,LA,70879,USA
USA-LA-94-AssistedLiving-94-AssistedLiving-130,Eastridge Senior Living Suites,14029,,,,,,,,,,http://www.lalaonline.org/members/?id=25578772,,,,,,,,,,,,,,,,,,,,,,,,,,,,,,,,,,,,,,,,,,,,,Assisted Living,,,,,,,,,Abbeville,LA,70510,USA
USA-LA-94-AssistedLiving-94-AssistedLiving-131,"DonahueFavret Contractors, Inc.",,,,,,,,,,,http://www.lalaonline.org/members/?id=43399073,,,,,,,,,,,,,,,,,,,,,,,,,,,,,,,,,,,,,,,,,,,,,Assisted Living,,,,,,,3030 East Causeway Approach,,Mandeville,LA,70448,USA
USA-LA-94-AssistedLiving-94-AssistedLiving-132,Doerle Food Service,,,,,,,,,,,http://www.lalaonline.org/members/?id=25580180,,,,,,,,,,,,,,,,,,,,,,,,,,,,,,,,,,,,,,,,,,,,,Assisted Living,,,,,,,,,Broussard,LA,70518,USA
USA-LA-94-AssistedLiving-94-AssistedLiving-133,Garden View at Jones Creek,2203782569,,,,,,,,,http://www.gardenview.org,http://www.lalaonline.org/members/?id=34871380,,,,,,,,,,,,,,,,,,,,,,,,,,,,,,,,,,,,,,,,,,,,,Assisted Living,,,,,,Yes,,,Baton Rouge,LA,70816,USA
USA-LA-94-AssistedLiving-94-AssistedLiving-134,Gulf Coast Pharmaceutical Specialty,,,,,,,,,,,http://www.lalaonline.org/members/?id=25580182,,,,,,,,,,,,,,,,,,,,,,,,,,,,,,,,,,,,,,,,,,,,,Assisted Living,,,,,,,,,Gonzales,LA,70737,USA
USA-LA-94-AssistedLiving-94-AssistedLiving-135,Courtyard Retirement & Assisted Living,13143,,,,,,,,,,http://www.lalaonline.org/members/?id=25578771,,,,,,,,,,,,,,,,,,,,,,,,,,,,,,,,,,,,,,,,,,,,,Assisted Living,,,,,,,,,Lafayette,LA,70507,USA
USA-LA-94-AssistedLiving-94-AssistedLiving-136,"Lance Linscombe, Cornerstone Village South",,,,,,,,,,http://www.cornerstonevillage.com,http://www.lalaonline.org/members/?id=48780000,,,,,,,,,,,,,,,,,,,,,,,,,,,,,,,,,,,,,,,,,,,,,Assisted Living,,,,,,,,,Lafayette,LA,70508,USA
USA-LA-94-AssistedLiving-94-AssistedLiving-137,Cornerstone Village South,5484,,,,,,,,,http://www.cornerstonevillage.com,http://www.lalaonline.org/members/?id=25578769,,,,,,,,,,,,,,,,,,,,,,,,,,,,,,,,,,,,,,,,,,,,,Assisted Living,,,,,,,,,Lafayette,LA,70508,USA
USA-LA-94-AssistedLiving-94-AssistedLiving-138,"Michelle Musgrove, Christus St. Joseph's Home",,,,,,,,,,http://www.christusstjosephshome.org/,http://www.lalaonline.org/members/?id=25706342,,,,,,,,,,,,,,,,,,,,,,,,,,,,,,,,,,,,,,,,,,,,,Assisted Living,,,,,,,,,Irving,LA,75038,USA
USA-LA-94-AssistedLiving-94-AssistedLiving-139,Christus St. Joseph's Home,11576,,,,,,,,,http://www.christusstjosephshome.org/,http://www.lalaonline.org/members/?id=25578767,,,,,,,,,,,,,,,,,,,,,,,,,,,,,,,,,,,,,,,,,,,,,Assisted Living,,,,,,,,,Irving,LA,75038,USA
USA-LA-94-AssistedLiving-94-AssistedLiving-140,Christwood Retirement Community,2203783013,,,,,,,,,,http://www.lalaonline.org/members/?id=33569579,,,,,,,,,,,,,,,,,,,,,,,,,,,,,,,,,,,,,,,,,,,,,Assisted Living,,,,,,,,,Covington,LA,70433,USA
USA-LA-94-AssistedLiving-94-AssistedLiving-141,Cedar Crest Personal Memory Assisted Living,28,,,,,,,,,http://www.cedarcrestliving.com,http://www.lalaonline.org/members/?id=29903083,,,,,,,,,,,,,,,,,,,,,,,,,,,,,,,,,,,,,,,,,,,,,Assisted Living,,,,,,Yes,,,Lafayette,LA,70508,USA
USA-LA-94-AssistedLiving-94-AssistedLiving-142,Christwood,2203781597,,,,,,,,,,http://www.lalaonline.org/members/?id=25578768,,,,,,,,,,,,,,,,,,,,,,,,,,,,,,,,,,,,,,,,,,,,,Assisted Living,,,,,,Yes, ,,Covington,LA,70433,USA
USA-LA-94-AssistedLiving-94-AssistedLiving-143,Cashway Pharmacy of Scott,,,,,,,,,,http://cashwayinscott.com/,http://www.lalaonline.org/members/?id=25580179,,,,,,,,,,,,,,,,,,,,,,,,,,,,,,,,,,,,,,,,,,,,,Assisted Living,,,,,,,,,Scott,LA,70583,USA
USA-LA-94-AssistedLiving-94-AssistedLiving-144,Chateau de Notre Dame,,,,,,,,,,http://cdnd.org,http://www.lalaonline.org/members/?id=25578766,,,,,,,,,,,,,,,,,,,,,,,,,,,,,,,,,,,,,,,,,,,,,Assisted Living,,,,,,,,,New Orleans,LA,70125,USA
USA-LA-94-AssistedLiving-94-AssistedLiving-145,"Carmichael's Cashway Pharmacy, Inc.",,,,,,,,,,,http://www.lalaonline.org/members/?id=25580178,,,,,,,,,,,,,,,,,,,,,,,,,,,,,,,,,,,,,,,,,,,,,Assisted Living,,,,,,,,,Crowley,LA,70526,USA
USA-LA-94-AssistedLiving-94-AssistedLiving-146,Camelot of Broussard,13262,,,,,,,,,http://www.centralcontrolmgmt.com/CamelotOfBroussard.html,http://www.lalaonline.org/members/?id=25578763,,,,,,,,,,,,,,,,,,,,,,,,,,,,,,,,,,,,,,,,,,,,,Assisted Living,,,,,,,,,Broussard,LA,70518,USA
USA-LA-94-AssistedLiving-94-AssistedLiving-147,Carriage House At The Verandah,2203781985,,,,,,,,,,http://www.lalaonline.org/members/?id=25578830,,,,,,,,,,,,,,,,,,,,,,,,,,,,,,,,,,,,,,,,,,,,,Assisted Living,,,,,,,,,Lake Charles,LA,70605,USA
USA-LA-94-AssistedLiving-94-AssistedLiving-148,"Jeremy Fontenot, Associate Director, Brookdale-Lake Charles",,,,,,,,,,,http://www.lalaonline.org/members/?id=44405396,,,,,,,,,,,,,,,,,,,,,,,,,,,,,,,,,,,,,,,,,,,,,Assisted Living,,,,,,,2420 Country Club Road,,Lake Charles,LA,70605,USA
USA-LA-94-AssistedLiving-94-AssistedLiving-149,"Melinda Hennigan, Nurse, Brookdale Shreveport",,,,,,,,,,http://www.brookdale.com,http://www.lalaonline.org/members/?id=29312941,,,,,,,,,,,,,,,,,,,,,,,,,,,,,,,,,,,,,,,,,,,,,Assisted Living,,,,,,,,,Shreveport,LA,71105,USA
USA-LA-94-AssistedLiving-94-AssistedLiving-150,Brookdale Shreveport,10659,,,,,,,,,http://www.brookdale.com,http://www.lalaonline.org/members/?id=25578779,,,,,,,,,,,,,,,,,,,,,,,,,,,,,,,,,,,,,,,,,,,,,Assisted Living,,,,,,Yes,,,Shreveport,LA,71105,USA
USA-LA-94-AssistedLiving-94-AssistedLiving-151,Brookdale Senior Living,,,,,,,,,,http://www.alfa.org/alfa/default.asp,http://www.lalaonline.org/members/?id=36777710,,,,,,,,,,,,,,,,,,,,,,,,,,,,,,,,,,,,,,,,,,,,,Assisted Living,,,,,,,,,Virginia,LA,,USA
USA-LA-94-AssistedLiving-94-AssistedLiving-152,Brookdale Lafayette,10662,,,,,,,,,,http://www.lalaonline.org/members/?id=25578776,,,,,,,,,,,,,,,,,,,,,,,,,,,,,,,,,,,,,,,,,,,,,Assisted Living,,,,,,,,,Lafayette,LA,70508,USA
USA-LA-94-AssistedLiving-94-AssistedLiving-153,Brookdale Mandeville,10380,,,,,,,,,http://www.brookdale.com,http://www.lalaonline.org/members/?id=25578778,,,,,,,,,,,,,,,,,,,,,,,,,,,,,,,,,,,,,,,,,,,,,Assisted Living,,,,,,Yes,,,Mandeville,LA,70471,USA
USA-LA-94-AssistedLiving-94-AssistedLiving-154,Brookdale Kenner,7452,,,,,,,,,,http://www.lalaonline.org/members/?id=25578774,,,,,,,,,,,,,,,,,,,,,,,,,,,,,,,,,,,,,,,,,,,,,Assisted Living,,,,,,,,,Kenner,LA,70065,USA
USA-LA-94-AssistedLiving-94-AssistedLiving-155,"Sherion Cook -2016 LALA Award Winner, Associate Executive Director, Brookdale Kenner",,,,,,,,,,,http://www.lalaonline.org/members/?id=39377695,,,,,,,,,,,,,,,,,,,,,,,,,,,,,,,,,,,,,,,,,,,,,Assisted Living,,,,,,, ,,Kenner,LA,70065,USA
USA-LA-94-AssistedLiving-94-AssistedLiving-156,Brookdale Corporate,,,,,,,,,,,http://www.lalaonline.org/members/?id=36820589,,,,,,,,,,,,,,,,,,,,,,,,,,,,,,,,,,,,,,,,,,,,,Assisted Living,,,,,,,"1600 Joe Yenni Blvd, Kenner, LA ",,kenner,LA,70065,USA
USA-LA-94-AssistedLiving-94-AssistedLiving-157,Brookdale Lake Charles,10658,,,,,,,,,,http://www.lalaonline.org/members/?id=25578777,,,,,,,,,,,,,,,,,,,,,,,,,,,,,,,,,,,,,,,,,,,,,Assisted Living,,,,,,Yes,,,Lake Charles,LA,70605,USA
USA-LA-94-AssistedLiving-94-AssistedLiving-158,Brookdale - Coporate,,,,,,,,,,,http://www.lalaonline.org/members/?id=30433908,,,,,,,,,,,,,,,,,,,,,,,,,,,,,,,,,,,,,,,,,,,,,Assisted Living,,,,,,,,,Alexandria,LA,71303,USA
USA-LA-94-AssistedLiving-94-AssistedLiving-159,Brookdale Bossier City,13578,,,,,,,,,,http://www.lalaonline.org/members/?id=25578785,,,,,,,,,,,,,,,,,,,,,,,,,,,,,,,,,,,,,,,,,,,,,Assisted Living,,,,,,Yes,,,Bossier City,LA,71111,USA
USA-LA-94-AssistedLiving-94-AssistedLiving-160,Brookdale Alexandria,10656,,,,,,,,,,http://www.lalaonline.org/members/?id=25578773,,,,,,,,,,,,,,,,,,,,,,,,,,,,,,,,,,,,,,,,,,,,,Assisted Living,,,,,,,,,Alexandria,LA,71303,USA
USA-LA-94-AssistedLiving-94-AssistedLiving-161,Brookdale - Coporate,,,,,,,,,,,http://www.lalaonline.org/members/?id=42317953,,,,,,,,,,,,,,,,,,,,,,,,,,,,,,,,,,,,,,,,,,,,,Assisted Living,,,,,,,,,,LA,,USA
USA-LA-94-AssistedLiving-94-AssistedLiving-162,Brookdale Corporate,,,,,,,,,,,http://www.lalaonline.org/members/?id=36820597,,,,,,,,,,,,,,,,,,,,,,,,,,,,,,,,,,,,,,,,,,,,,Assisted Living,,,,,,,1600 Joe Yenni Boulevard,,Kenner,LA,70056,USA
USA-LA-94-AssistedLiving-94-AssistedLiving-163,Ashton Manor Assisted Living,2203781391,,,,,,,,,http://ashton-manor.com/index.html,http://www.lalaonline.org/members/?id=25578754,,,,,,,,,,,,,,,,,,,,,,,,,,,,,,,,,,,,,,,,,,,,,Assisted Living,,,,,,,,,Luling,LA,70070,USA
USA-LA-94-AssistedLiving-94-AssistedLiving-164,Ashley Arts,,,,,,,,,,,http://www.lalaonline.org/members/?id=41458850,,,,,,,,,,,,,,,,,,,,,,,,,,,,,,,,,,,,,,,,,,,,,Assisted Living,,,,,,,,,Louisiana,LA,,USA
USA-LA-94-AssistedLiving-94-AssistedLiving-165,Arthur J. Gallagher & Co.,,,,,,,,,,,http://www.lalaonline.org/members/?id=25580189,,,,,,,,,,,,,,,,,,,,,,,,,,,,,,,,,,,,,,,,,,,,,Assisted Living,,,,,,, ,,Baton Rouge,LA,70810,USA
USA-LA-94-AssistedLiving-94-AssistedLiving-166,AllCare Professional Solutions,,,,,,,,,,,http://www.lalaonline.org/members/?id=25580175,,,,,,,,,,,,,,,,,,,,,,,,,,,,,,,,,,,,,,,,,,,,,Assisted Living,,,,,,,,,Lafayette,LA,70508,USA
USA-LA-94-AssistedLiving-94-AssistedLiving-167,Arbor Rose Assisted Living,13917,,,,,,,,,,http://www.lalaonline.org/members/?id=25578752,,,,,,,,,,,,,,,,,,,,,,,,,,,,,,,,,,,,,,,,,,,,,Assisted Living,,,,,,,,,Farmerville,LA,71241,USA
USA-LA-94-AssistedLiving-94-AssistedLiving-168,A & D Residential Care,14584,,,,,,,,,,http://www.lalaonline.org/members/?id=25578749,,,,,,,,,,,,,,,,,,,,,,,,,,,,,,,,,,,,,,,,,,,,,Assisted Living,,,,,,,,,New Orleans,LA,70114,USA
USA-LA-94-AssistedLiving-94-AssistedLiving-169,American Mobile Medical of Acadiana,,,,,,,,,,http://www.americanmobilemedical.com/services,http://www.lalaonline.org/members/?id=25580176,,,,,,,,,,,,,,,,,,,,,,,,,,,,,,,,,,,,,,,,,,,,,Assisted Living,,,,,,,,,Opelousas,LA,70570,USA
USA-LA-94-AssistedLiving-94-AssistedLiving-170,Advantage Medical Professionals,,,,,,,,,,http://advantagemedicalprofessionals.com/,http://www.lalaonline.org/members/?id=25580174,,,,,,,,,,,,,,,,,,,,,,,,,,,,,,,,,,,,,,,,,,,,,Assisted Living,,,,,,,,,Metairie,LA,70002,USA
